{
  "n_total": 303,
  "n_train": 243,
  "n_test": 60,
  "disease_rate_total": 0.482,
  "best_k": 15,
  "k_grid": [
    1,
    3,
    5,
    7,
    9,
    11,
    15,
    21
  ],
  "cv_mean": [
    0.6917,
    0.7082,
    0.7404,
    0.7367,
    0.7363,
    0.7449,
    0.7904,
    0.7783
  ],
  "cv_std": [
    0.0274,
    0.0369,
    0.0427,
    0.0471,
    0.0401,
    0.0268,
    0.0253,
    0.0343
  ],
  "weighted_cv_acc": 0.7904,
  "unweighted_cv_acc": 0.7285,
  "train_metrics": {
    "accuracy": 0.8559670781893004,
    "precision": 0.8942307692307693,
    "recall": 0.7948717948717948,
    "f1": 0.8416289592760181,
    "precision_macro": 0.8607844493635861,
    "recall_macro": 0.8537851037851037,
    "f1_macro": 0.8547767437889524,
    "confusion": {
      "tp": 93,
      "tn": 115,
      "fp": 11,
      "fn": 24
    }
  },
  "test_metrics": {
    "accuracy": 0.7333333333333333,
    "precision": 0.782608695652174,
    "recall": 0.6206896551724138,
    "f1": 0.6923076923076923,
    "precision_macro": 0.7426556991774383,
    "recall_macro": 0.7296996662958843,
    "f1_macro": 0.7285067873303167,
    "confusion": {
      "tp": 18,
      "tn": 26,
      "fp": 5,
      "fn": 11
    }
  },
  "cv_full_metrics": {
    "accuracy": 0.7526458663846289,
    "accuracy_std": 0.03622855211458085,
    "precision": 0.772984607984608,
    "recall": 0.6917241379310346,
    "f1": 0.7282583818035654,
    "confusion": {
      "tp": 101,
      "tn": 127,
      "fp": 30,
      "fn": 45
    }
  },
  "retain_off_acc": 0.7333,
  "retain_on_acc": 0.7167,
  "retained_cases": 47,
  "feature_weights": {
    "age": 0.64,
    "trestbps": 0.204,
    "chol": 0.109,
    "thalach": 0.702,
    "oldpeak": 2.084,
    "ca": 3.47,
    "cp": 1.588,
    "slope": 1.454,
    "sex": 1.103,
    "fbs": 0.041,
    "restecg": 0.457,
    "exang": 0.356,
    "thal": 0.792
  }
}